,Exact Match Score,Cover Exact Match Score,BLEU Score,METEOR Score
0,0.28583333333333333,0.33,0.13321961056481096,0.28747371297363805
