,Exact Match Score,Cover Exact Match Score,BLEU Score,METEOR Score
0,0.29083333333333333,0.3325,0.14907878685892914,0.29463169662951655
