,Exact Match Score,Cover Exact Match Score,BLEU Score,METEOR Score
0,0.2866666666666667,0.33,0.12369134923666245,0.2902671074929388
