,Exact Match Score,Cover Exact Match Score,BLEU Score,METEOR Score
0,0.295,0.3416666666666667,0.14822368553780935,0.3012327269354393
