,Exact Match Score,Cover Exact Match Score,BLEU Score,METEOR Score
0,0.2816666666666667,0.325,0.12054009663240663,0.28328402763215055
