,Exact Match Score,Cover Exact Match Score,BLEU Score,METEOR Score
0,0.2975,0.3408333333333333,0.1547383449759009,0.3009717941219694
