,Exact Match Score,Cover Exact Match Score,BLEU Score,METEOR Score
0,0.2891666666666667,0.3383333333333333,0.1536425663290436,0.2945378934099994
