,Exact Match Score,Cover Exact Match Score,BLEU Score,METEOR Score
0,0.0033333333333333335,0.5425,0.2736314900835784,0.21226409360349782
