,Exact Match Score,Cover Exact Match Score,F1 Score,BLEU Score,METEOR Score
0,0.0033333333333333335,0.36916666666666664,0.209723026973027,0.09593579817672607,0.18437945156819868
