,Exact Match Score,Cover Exact Match Score,BLEU Score,METEOR Score
0,0.35833333333333334,0.4266666666666667,0.187533119521732,0.358362580045698
