,Exact Match Score,Cover Exact Match Score,BLEU Score,METEOR Score
0,0.2966666666666667,0.3425,0.14975275865297782,0.30032591138351666
