,Exact Match Score,Cover Exact Match Score,BLEU Score,METEOR Score
0,0.29,0.32916666666666666,0.13204571086153563,0.28742590681699715
