,Exact Match Score,Cover Exact Match Score,BLEU Score,METEOR Score
0,0.2866666666666667,0.335,0.14992996093959118,0.29521551554871417
