,Exact Match Score,Cover Exact Match Score,BLEU Score,METEOR Score
0,0.4816666666666667,0.5308333333333334,0.3794074253002719,0.4416566186946747
