,Exact Match Score,Cover Exact Match Score,BLEU Score,METEOR Score
0,0.4683333333333333,0.5075,0.34510685693806153,0.4285212055687104
