,Exact Match Score,Cover Exact Match Score,F1 Score,BLEU Score,METEOR Score
0,0.0025,0.2675,0.16949513526178966,0.07994047640725081,0.15067416684927443
