,Exact Match Score,Cover Exact Match Score,BLEU Score,METEOR Score
0,0.29833333333333334,0.3358333333333333,0.1286259714420356,0.29130193138995325
