,Exact Match Score,Cover Exact Match Score,BLEU Score,METEOR Score
0,0.64,0.7641666666666667,0.5972310456651188,0.6084737059082227
