,Exact Match Score,Cover Exact Match Score,BLEU Score,METEOR Score
0,0.29,0.32916666666666666,0.13095845518373653,0.28878475455236097
