,Exact Match Score,Cover Exact Match Score,BLEU Score,METEOR Score
0,0.4925,0.5425,0.39595974167864467,0.45005184773749696
