,Exact Match Score,Cover Exact Match Score,BLEU Score,METEOR Score
0,0.2991666666666667,0.3408333333333333,0.15120818955024004,0.3034276006029856
