,Exact Match Score,Cover Exact Match Score,BLEU Score,METEOR Score
0,0.4725,0.5816666666666667,0.40641062157246066,0.46700068183533716
