,Exact Match Score,Cover Exact Match Score,BLEU Score,METEOR Score
0,0.505,0.585,0.37787169725386005,0.47622702007069556
