,Exact Match Score,Cover Exact Match Score,BLEU Score,METEOR Score
0,0.005833333333333334,0.5841666666666666,0.2708174057294028,0.2290287465910267
