,Exact Match Score,Cover Exact Match Score,BLEU Score,METEOR Score
0,0.2925,0.33916666666666667,0.15879419770333222,0.2989625354289514
