,Exact Match Score,Cover Exact Match Score,F1 Score,BLEU Score,METEOR Score
0,0.0033333333333333335,0.2708333333333333,0.17753507912684888,0.08418617254394652,0.16081651311481862
