,Exact Match Score,Cover Exact Match Score,BLEU Score,METEOR Score
0,0.4658333333333333,0.5125,0.3420817022245122,0.4272678114682439
