,Exact Match Score,Cover Exact Match Score,BLEU Score,METEOR Score
0,0.004166666666666667,0.5125,0.24471734824448774,0.20143460367985475
