,Exact Match Score,Cover Exact Match Score,BLEU Score,METEOR Score
0,0.2775,0.3225,0.12582665672716709,0.2844820415782033
