,Exact Match Score,Cover Exact Match Score,BLEU Score,METEOR Score
0,0.2891666666666667,0.3325,0.12642798571052258,0.2886049940768186
