,Exact Match Score,Cover Exact Match Score,F1 Score,BLEU Score,METEOR Score
0,0.0033333333333333335,0.49166666666666664,0.26255357374107374,0.11632117263904573,0.22857202674542287
